comm_type,comm_group,comm_group_size,msg_size,stage,dst,src,additional,_elapsed_time,algbw,busbw,count
CommType.all_reduce,CommGroup.dp_group,1,8,init.model_setup,None,None,,37.71263885498047,0.0,0.0,1
CommType.all_reduce,CommGroup.dp_group,1,8,init.model_setup,None,None,,0.16140800714492798,0.0,0.0,1
CommType.all_reduce,CommGroup.dp_group,1,8,init.model_setup,None,None,,0.0764160007238388,0.0,0.0,1
CommType.all_reduce,CommGroup.dp_group,1,8,init.model_setup,None,None,,0.06758400052785873,0.0,0.0,1
CommType.all_gather,CommGroup.dp_group,1,32,init.model_setup,None,None,,0.08959999680519104,0.0,0.0,1
CommType.broadcast,CommGroup.tp_group,2,24,init.model_setup,None,0,,36.036224365234375,0.0,0.0,1
CommType.all_gather,CommGroup.dp_group,1,64,init.model_setup,None,None,,0.13123199343681335,0.0,0.0,1
CommType.epoch_end,None,None,0,,None,None,,6708.117723464966,0.0,0.0,1
CommType.broadcast,CommGroup.tp_group,2,40,forward_step,None,0,,0.10649599879980087,0.0,0.0,1
CommType.broadcast,CommGroup.tp_group,2,16400,forward_step,None,0,,0.08323200047016144,0.18,0.18,1
CommType.all_reduce,CommGroup.tp_group,2,8388608,forward.MegatronEmbedding,None,None,,0.5324479937553406,14.67,14.67,1
CommType.computation,None,None,0,forward.MegatronColumnLinear.attention_column,None,None,,0.01532800029963255,0,0,1
CommType.computation,None,None,0,forward.MegatronRowLinear.attention_row,None,None,,0.012415999546647072,0,0,1
CommType.all_reduce,CommGroup.tp_group,2,8388608,forward.MegatronRowLinear,None,None,,0.5148159861564636,15.18,15.18,1
CommType.computation,None,None,0,forward.MegatronColumnLinear.mlp_column,None,None,,0.013472000136971474,0,0,1
CommType.computation,None,None,0,forward.MegatronRowLinear.mlp_row,None,None,,0.01206399966031313,0,0,1
CommType.all_reduce,CommGroup.tp_group,2,8388608,forward.MegatronRowLinear,None,None,,0.5108799934387207,15.29,15.29,1
CommType.computation,None,None,0,forward.MegatronColumnLinear.attention_column,None,None,,0.013407999649643898,0,0,1
CommType.computation,None,None,0,forward.MegatronRowLinear.attention_row,None,None,,0.012384000234305859,0,0,1
CommType.all_reduce,CommGroup.tp_group,2,8388608,forward.MegatronRowLinear,None,None,,0.5136319994926453,15.21,15.21,1
CommType.computation,None,None,0,forward.MegatronColumnLinear.mlp_column,None,None,,0.012959999963641167,0,0,1
CommType.computation,None,None,0,forward.MegatronRowLinear.mlp_row,None,None,,0.012415999546647072,0,0,1
CommType.all_reduce,CommGroup.tp_group,2,8388608,forward.MegatronRowLinear,None,None,,0.509440004825592,15.34,15.34,1
CommType.computation,None,None,0,forward.MegatronColumnLinear.attention_column,None,None,,0.013055999763309956,0,0,1
CommType.computation,None,None,0,forward.MegatronRowLinear.attention_row,None,None,,0.012223999947309494,0,0,1
CommType.all_reduce,CommGroup.tp_group,2,8388608,forward.MegatronRowLinear,None,None,,0.5074880123138428,15.39,15.39,1
CommType.computation,None,None,0,forward.MegatronColumnLinear.mlp_column,None,None,,0.013024000450968742,0,0,1
CommType.computation,None,None,0,forward.MegatronRowLinear.mlp_row,None,None,,0.011455999687314034,0,0,1
CommType.all_reduce,CommGroup.tp_group,2,8388608,forward.MegatronRowLinear,None,None,,0.5076479911804199,15.39,15.39,1
CommType.computation,None,None,0,forward.MegatronColumnLinear.attention_column,None,None,,0.012703999876976013,0,0,1
CommType.computation,None,None,0,forward.MegatronRowLinear.attention_row,None,None,,0.01196799986064434,0,0,1
CommType.all_reduce,CommGroup.tp_group,2,8388608,forward.MegatronRowLinear,None,None,,0.5046399831771851,15.48,15.48,1
CommType.computation,None,None,0,forward.MegatronColumnLinear.mlp_column,None,None,,0.012671999633312225,0,0,1
CommType.computation,None,None,0,forward.MegatronRowLinear.mlp_row,None,None,,0.012256000190973282,0,0,1
CommType.all_reduce,CommGroup.tp_group,2,8388608,forward.MegatronRowLinear,None,None,,0.5060160160064697,15.44,15.44,1
CommType.computation,None,None,0,forward.MegatronColumnLinear.attention_column,None,None,,0.012927999719977379,0,0,1
CommType.computation,None,None,0,forward.MegatronRowLinear.attention_row,None,None,,0.012032000347971916,0,0,1
CommType.all_reduce,CommGroup.tp_group,2,8388608,forward.MegatronRowLinear,None,None,,0.5044159889221191,15.49,15.49,1
CommType.computation,None,None,0,forward.MegatronColumnLinear.mlp_column,None,None,,0.012927999719977379,0,0,1
CommType.computation,None,None,0,forward.MegatronRowLinear.mlp_row,None,None,,0.012000000104308128,0,0,1
CommType.all_reduce,CommGroup.tp_group,2,8388608,forward.MegatronRowLinear,None,None,,0.50518399477005,15.46,15.46,1
CommType.computation,None,None,0,forward.MegatronColumnLinear.attention_column,None,None,,0.013376000337302685,0,0,1
CommType.computation,None,None,0,forward.MegatronRowLinear.attention_row,None,None,,0.01228800043463707,0,0,1
CommType.all_reduce,CommGroup.tp_group,2,8388608,forward.MegatronRowLinear,None,None,,0.5058240294456482,15.45,15.45,1
CommType.computation,None,None,0,forward.MegatronColumnLinear.mlp_column,None,None,,0.012896000407636166,0,0,1
CommType.computation,None,None,0,forward.MegatronRowLinear.mlp_row,None,None,,0.012128000147640705,0,0,1
CommType.all_reduce,CommGroup.tp_group,2,8388608,forward.MegatronRowLinear,None,None,,0.5050879716873169,15.47,15.47,1
CommType.computation,None,None,0,forward.MegatronColumnLinear.attention_column,None,None,,0.013151999562978745,0,0,1
CommType.computation,None,None,0,forward.MegatronRowLinear.attention_row,None,None,,0.012256000190973282,0,0,1
CommType.all_reduce,CommGroup.tp_group,2,8388608,forward.MegatronRowLinear,None,None,,0.5111680030822754,15.28,15.28,1
CommType.computation,None,None,0,forward.MegatronColumnLinear.mlp_column,None,None,,0.013407999649643898,0,0,1
CommType.computation,None,None,0,forward.MegatronRowLinear.mlp_row,None,None,,0.012256000190973282,0,0,1
CommType.all_reduce,CommGroup.tp_group,2,8388608,forward.MegatronRowLinear,None,None,,0.5055680274963379,15.45,15.45,1
CommType.computation,None,None,0,forward.MegatronColumnLinear.attention_column,None,None,,0.012671999633312225,0,0,1
CommType.computation,None,None,0,forward.MegatronRowLinear.attention_row,None,None,,0.012095999903976917,0,0,1
CommType.all_reduce,CommGroup.tp_group,2,8388608,forward.MegatronRowLinear,None,None,,0.5055360198020935,15.45,15.45,1
CommType.computation,None,None,0,forward.MegatronColumnLinear.mlp_column,None,None,,0.012608000077307224,0,0,1
CommType.computation,None,None,0,forward.MegatronRowLinear.mlp_row,None,None,,0.011744000017642975,0,0,1
CommType.all_reduce,CommGroup.tp_group,2,8388608,forward.MegatronRowLinear,None,None,,0.5046719908714294,15.48,15.48,1
CommType.computation,None,None,0,forward.MegatronColumnLinear.attention_column,None,None,,0.013024000450968742,0,0,1
CommType.computation,None,None,0,forward.MegatronRowLinear.attention_row,None,None,,0.012191999703645706,0,0,1
CommType.all_reduce,CommGroup.tp_group,2,8388608,forward.MegatronRowLinear,None,None,,0.5066559910774231,15.42,15.42,1
CommType.computation,None,None,0,forward.MegatronColumnLinear.mlp_column,None,None,,0.012864000163972378,0,0,1
CommType.computation,None,None,0,forward.MegatronRowLinear.mlp_row,None,None,,0.011648000217974186,0,0,1
CommType.all_reduce,CommGroup.tp_group,2,8388608,forward.MegatronRowLinear,None,None,,0.5058879852294922,15.44,15.44,1
CommType.computation,None,None,0,forward.MegatronColumnLinear.attention_column,None,None,,0.012671999633312225,0,0,1
CommType.computation,None,None,0,forward.MegatronRowLinear.attention_row,None,None,,0.011776000261306763,0,0,1
CommType.all_reduce,CommGroup.tp_group,2,8388608,forward.MegatronRowLinear,None,None,,0.5058240294456482,15.45,15.45,1
CommType.computation,None,None,0,forward.MegatronColumnLinear.mlp_column,None,None,,0.013376000337302685,0,0,1
CommType.computation,None,None,0,forward.MegatronRowLinear.mlp_row,None,None,,0.011680000461637974,0,0,1
CommType.all_reduce,CommGroup.tp_group,2,8388608,forward.MegatronRowLinear,None,None,,0.5033599734306335,15.52,15.52,1
CommType.computation,None,None,0,forward.MegatronColumnLinear.attention_column,None,None,,0.012384000234305859,0,0,1
CommType.computation,None,None,0,forward.MegatronRowLinear.attention_row,None,None,,0.012543999589979649,0,0,1
CommType.all_reduce,CommGroup.tp_group,2,8388608,forward.MegatronRowLinear,None,None,,0.5095360279083252,15.33,15.33,1
CommType.computation,None,None,0,forward.MegatronColumnLinear.mlp_column,None,None,,0.012927999719977379,0,0,1
CommType.computation,None,None,0,forward.MegatronRowLinear.mlp_row,None,None,,0.012160000391304493,0,0,1
CommType.all_reduce,CommGroup.tp_group,2,8388608,forward.MegatronRowLinear,None,None,,0.5100160241127014,15.32,15.32,1
CommType.computation,None,None,0,forward.MegatronColumnLinear.attention_column,None,None,,0.013439999893307686,0,0,1
CommType.computation,None,None,0,forward.MegatronRowLinear.attention_row,None,None,,0.011680000461637974,0,0,1
CommType.all_reduce,CommGroup.tp_group,2,8388608,forward.MegatronRowLinear,None,None,,0.506335973739624,15.43,15.43,1
CommType.computation,None,None,0,forward.MegatronColumnLinear.mlp_column,None,None,,0.012768000364303589,0,0,1
CommType.computation,None,None,0,forward.MegatronRowLinear.mlp_row,None,None,,0.01158399973064661,0,0,1
CommType.all_reduce,CommGroup.tp_group,2,8388608,forward.MegatronRowLinear,None,None,,0.5084480047225952,15.37,15.37,1
CommType.computation,None,None,0,forward.MegatronColumnLinear.attention_column,None,None,,0.022752000018954277,0,0,1
CommType.computation,None,None,0,forward.MegatronRowLinear.attention_row,None,None,,0.01244799979031086,0,0,1
CommType.all_reduce,CommGroup.tp_group,2,8388608,forward.MegatronRowLinear,None,None,,0.5183359980583191,15.07,15.07,1
CommType.computation,None,None,0,forward.MegatronColumnLinear.mlp_column,None,None,,0.013535999692976475,0,0,1
CommType.computation,None,None,0,forward.MegatronRowLinear.mlp_row,None,None,,0.01235199999064207,0,0,1
CommType.all_reduce,CommGroup.tp_group,2,8388608,forward.MegatronRowLinear,None,None,,0.5156480073928833,15.15,15.15,1
CommType.computation,None,None,0,forward.MegatronColumnLinear.attention_column,None,None,,0.013088000006973743,0,0,1
CommType.computation,None,None,0,forward.MegatronRowLinear.attention_row,None,None,,0.01190400030463934,0,0,1
CommType.all_reduce,CommGroup.tp_group,2,8388608,forward.MegatronRowLinear,None,None,,0.5104320049285889,15.31,15.31,1
CommType.computation,None,None,0,forward.MegatronColumnLinear.mlp_column,None,None,,0.013824000023305416,0,0,1
CommType.computation,None,None,0,forward.MegatronRowLinear.mlp_row,None,None,,0.011807999573647976,0,0,1
CommType.all_reduce,CommGroup.tp_group,2,8388608,forward.MegatronRowLinear,None,None,,0.5055999755859375,15.45,15.45,1
CommType.computation,None,None,0,forward.MegatronColumnLinear.attention_column,None,None,,0.012896000407636166,0,0,1
CommType.computation,None,None,0,forward.MegatronRowLinear.attention_row,None,None,,0.012512000277638435,0,0,1
CommType.all_reduce,CommGroup.tp_group,2,8388608,forward.MegatronRowLinear,None,None,,0.505728006362915,15.45,15.45,1
CommType.computation,None,None,0,forward.MegatronColumnLinear.mlp_column,None,None,,0.01759999990463257,0,0,1
CommType.computation,None,None,0,forward.MegatronRowLinear.mlp_row,None,None,,0.020576000213623047,0,0,1
CommType.all_reduce,CommGroup.tp_group,2,8388608,forward.MegatronRowLinear,None,None,,0.5099200010299683,15.32,15.32,1
CommType.computation,None,None,0,forward.MegatronColumnLinear.attention_column,None,None,,0.012864000163972378,0,0,1
CommType.computation,None,None,0,forward.MegatronRowLinear.attention_row,None,None,,0.020767999812960625,0,0,1
CommType.all_reduce,CommGroup.tp_group,2,8388608,forward.MegatronRowLinear,None,None,,0.5053439736366272,15.46,15.46,1
CommType.computation,None,None,0,forward.MegatronColumnLinear.mlp_column,None,None,,0.013567999936640263,0,0,1
CommType.computation,None,None,0,forward.MegatronRowLinear.mlp_row,None,None,,0.012128000147640705,0,0,1
CommType.all_reduce,CommGroup.tp_group,2,8388608,forward.MegatronRowLinear,None,None,,0.5078080296516418,15.38,15.38,1
CommType.computation,None,None,0,forward.MegatronColumnLinear.attention_column,None,None,,0.013151999562978745,0,0,1
CommType.computation,None,None,0,forward.MegatronRowLinear.attention_row,None,None,,0.011839999817311764,0,0,1
CommType.all_reduce,CommGroup.tp_group,2,8388608,forward.MegatronRowLinear,None,None,,0.5082560181617737,15.37,15.37,1
CommType.computation,None,None,0,forward.MegatronColumnLinear.mlp_column,None,None,,0.013952000066637993,0,0,1
CommType.computation,None,None,0,forward.MegatronRowLinear.mlp_row,None,None,,0.011807999573647976,0,0,1
CommType.all_reduce,CommGroup.tp_group,2,8388608,forward.MegatronRowLinear,None,None,,0.507968008518219,15.38,15.38,1
CommType.computation,None,None,0,forward.MegatronColumnLinear.attention_column,None,None,,0.022112000733613968,0,0,1
CommType.computation,None,None,0,forward.MegatronRowLinear.attention_row,None,None,,0.012223999947309494,0,0,1
CommType.all_reduce,CommGroup.tp_group,2,8388608,forward.MegatronRowLinear,None,None,,0.5036799907684326,15.51,15.51,1
CommType.computation,None,None,0,forward.MegatronColumnLinear.mlp_column,None,None,,0.01408000010997057,0,0,1
CommType.computation,None,None,0,forward.MegatronRowLinear.mlp_row,None,None,,0.012608000077307224,0,0,1
CommType.all_reduce,CommGroup.tp_group,2,8388608,forward.MegatronRowLinear,None,None,,0.505952000617981,15.44,15.44,1
CommType.computation,None,None,0,forward.MegatronColumnLinear.attention_column,None,None,,0.012896000407636166,0,0,1
CommType.computation,None,None,0,forward.MegatronRowLinear.attention_row,None,None,,0.012256000190973282,0,0,1
CommType.all_reduce,CommGroup.tp_group,2,8388608,forward.MegatronRowLinear,None,None,,0.5060160160064697,15.44,15.44,1
CommType.computation,None,None,0,forward.MegatronColumnLinear.mlp_column,None,None,,0.012736000120639801,0,0,1
CommType.computation,None,None,0,forward.MegatronRowLinear.mlp_row,None,None,,0.011776000261306763,0,0,1
CommType.all_reduce,CommGroup.tp_group,2,8388608,forward.MegatronRowLinear,None,None,,0.5050560235977173,15.47,15.47,1
CommType.computation,None,None,0,forward.MegatronColumnLinear.attention_column,None,None,,0.012768000364303589,0,0,1
CommType.computation,None,None,0,forward.MegatronRowLinear.attention_row,None,None,,0.011872000060975552,0,0,1
CommType.all_reduce,CommGroup.tp_group,2,8388608,forward.MegatronRowLinear,None,None,,0.5057920217514038,15.45,15.45,1
CommType.computation,None,None,0,forward.MegatronColumnLinear.mlp_column,None,None,,0.013248000293970108,0,0,1
CommType.computation,None,None,0,forward.MegatronRowLinear.mlp_row,None,None,,0.01158399973064661,0,0,1
CommType.all_reduce,CommGroup.tp_group,2,8388608,forward.MegatronRowLinear,None,None,,0.5081920027732849,15.37,15.37,1
CommType.computation,None,None,0,forward.MegatronColumnLinear.attention_column,None,None,,0.013055999763309956,0,0,1
CommType.computation,None,None,0,forward.MegatronRowLinear.attention_row,None,None,,0.01206399966031313,0,0,1
CommType.all_reduce,CommGroup.tp_group,2,8388608,forward.MegatronRowLinear,None,None,,0.5044159889221191,15.49,15.49,1
CommType.computation,None,None,0,forward.MegatronColumnLinear.mlp_column,None,None,,0.013311999849975109,0,0,1
CommType.computation,None,None,0,forward.MegatronRowLinear.mlp_row,None,None,,0.012191999703645706,0,0,1
CommType.all_reduce,CommGroup.tp_group,2,8388608,forward.MegatronRowLinear,None,None,,0.5031999945640564,15.53,15.53,1
CommType.computation,None,None,0,forward.MegatronColumnLinear.attention_column,None,None,,0.012319999746978283,0,0,1
CommType.computation,None,None,0,forward.MegatronRowLinear.attention_row,None,None,,0.020191999152302742,0,0,1
CommType.all_reduce,CommGroup.tp_group,2,8388608,forward.MegatronRowLinear,None,None,,0.5066559910774231,15.42,15.42,1
CommType.computation,None,None,0,forward.MegatronColumnLinear.mlp_column,None,None,,0.012992000207304955,0,0,1
CommType.computation,None,None,0,forward.MegatronRowLinear.mlp_row,None,None,,0.011839999817311764,0,0,1
CommType.all_reduce,CommGroup.tp_group,2,8388608,forward.MegatronRowLinear,None,None,,0.5059840083122253,15.44,15.44,1
CommType.computation,None,None,0,forward.MegatronColumnLinear.attention_column,None,None,,0.012927999719977379,0,0,1
CommType.computation,None,None,0,forward.MegatronRowLinear.attention_row,None,None,,0.012191999703645706,0,0,1
CommType.all_reduce,CommGroup.tp_group,2,8388608,forward.MegatronRowLinear,None,None,,0.50518399477005,15.46,15.46,1
CommType.computation,None,None,0,forward.MegatronColumnLinear.mlp_column,None,None,,0.013151999562978745,0,0,1
CommType.computation,None,None,0,forward.MegatronRowLinear.mlp_row,None,None,,0.011648000217974186,0,0,1
CommType.all_reduce,CommGroup.tp_group,2,8388608,forward.MegatronRowLinear,None,None,,0.5044479966163635,15.49,15.49,1
CommType.computation,None,None,0,forward.MegatronColumnLinear.attention_column,None,None,,0.013088000006973743,0,0,1
CommType.computation,None,None,0,forward.MegatronRowLinear.attention_row,None,None,,0.012223999947309494,0,0,1
CommType.all_reduce,CommGroup.tp_group,2,8388608,forward.MegatronRowLinear,None,None,,0.5061439871788025,15.44,15.44,1
CommType.computation,None,None,0,forward.MegatronColumnLinear.mlp_column,None,None,,0.012768000364303589,0,0,1
CommType.computation,None,None,0,forward.MegatronRowLinear.mlp_row,None,None,,0.011648000217974186,0,0,1
CommType.all_reduce,CommGroup.tp_group,2,8388608,forward.MegatronRowLinear,None,None,,0.5041279792785645,15.5,15.5,1
CommType.all_reduce,CommGroup.tp_group,2,8192,forward_step._VocabParallelCrossEntropy,None,None,,0.08038400113582611,0.09,0.09,1
CommType.all_reduce,CommGroup.tp_group,2,8192,forward_step._VocabParallelCrossEntropy,None,None,,0.077504001557827,0.1,0.1,1
CommType.all_reduce,CommGroup.tp_group,2,8192,forward_step._VocabParallelCrossEntropy,None,None,,0.07788799703121185,0.1,0.1,1
CommType.all_reduce,CommGroup.dp_group,1,4,forward_step.average_losses_across_data_parallel_group,None,None,,0.06656000018119812,0.0,0.0,1
CommType.computation,None,None,0,backward.MegatronColumnLinear.attention_column,None,None,,0.012608000077307224,0,0,1
CommType.computation,None,None,0,backward.MegatronColumnLinear.attention_column,None,None,,0.012032000347971916,0,0,1
CommType.computation,None,None,0,backward.MegatronRowLinearattention_row,None,None,,0.012671999633312225,0,0,1
CommType.computation,None,None,0,backward.MegatronRowLinearattention_row,None,None,,0.012415999546647072,0,0,1
CommType.computation,None,None,0,backward.MegatronColumnLinear.mlp_column,None,None,,0.01228800043463707,0,0,1
CommType.computation,None,None,0,backward.MegatronColumnLinear.mlp_column,None,None,,0.011935999616980553,0,0,1
CommType.computation,None,None,0,backward.MegatronRowLinearmlp_row,None,None,,0.012223999947309494,0,0,1
CommType.computation,None,None,0,backward.MegatronRowLinearmlp_row,None,None,,0.012095999903976917,0,0,1
CommType.computation,None,None,0,backward.MegatronColumnLinear.attention_column,None,None,,0.012384000234305859,0,0,1
CommType.computation,None,None,0,backward.MegatronColumnLinear.attention_column,None,None,,0.011327999643981457,0,0,1
CommType.computation,None,None,0,backward.MegatronRowLinearattention_row,None,None,,0.016127999871969223,0,0,1
CommType.computation,None,None,0,backward.MegatronRowLinearattention_row,None,None,,0.012032000347971916,0,0,1
CommType.computation,None,None,0,backward.MegatronColumnLinear.mlp_column,None,None,,0.01158399973064661,0,0,1
CommType.computation,None,None,0,backward.MegatronColumnLinear.mlp_column,None,None,,0.012160000391304493,0,0,1
CommType.computation,None,None,0,backward.MegatronRowLinearmlp_row,None,None,,0.012095999903976917,0,0,1
CommType.computation,None,None,0,backward.MegatronRowLinearmlp_row,None,None,,0.012415999546647072,0,0,1
CommType.computation,None,None,0,backward.MegatronColumnLinear.attention_column,None,None,,0.01206399966031313,0,0,1
CommType.computation,None,None,0,backward.MegatronColumnLinear.attention_column,None,None,,0.012223999947309494,0,0,1
CommType.computation,None,None,0,backward.MegatronRowLinearattention_row,None,None,,0.011744000017642975,0,0,1
CommType.computation,None,None,0,backward.MegatronRowLinearattention_row,None,None,,0.012095999903976917,0,0,1
CommType.computation,None,None,0,backward.MegatronColumnLinear.mlp_column,None,None,,0.011839999817311764,0,0,1
CommType.computation,None,None,0,backward.MegatronColumnLinear.mlp_column,None,None,,0.01206399966031313,0,0,1
CommType.computation,None,None,0,backward.MegatronRowLinearmlp_row,None,None,,0.012543999589979649,0,0,1
CommType.computation,None,None,0,backward.MegatronRowLinearmlp_row,None,None,,0.01196799986064434,0,0,1
CommType.computation,None,None,0,backward.MegatronColumnLinear.attention_column,None,None,,0.011744000017642975,0,0,1
CommType.computation,None,None,0,backward.MegatronColumnLinear.attention_column,None,None,,0.012191999703645706,0,0,1
CommType.computation,None,None,0,backward.MegatronRowLinearattention_row,None,None,,0.011744000017642975,0,0,1
CommType.computation,None,None,0,backward.MegatronRowLinearattention_row,None,None,,0.01244799979031086,0,0,1
CommType.computation,None,None,0,backward.MegatronColumnLinear.mlp_column,None,None,,0.011744000017642975,0,0,1
CommType.computation,None,None,0,backward.MegatronColumnLinear.mlp_column,None,None,,0.01206399966031313,0,0,1
CommType.computation,None,None,0,backward.MegatronRowLinearmlp_row,None,None,,0.011839999817311764,0,0,1
CommType.computation,None,None,0,backward.MegatronRowLinearmlp_row,None,None,,0.01228800043463707,0,0,1
CommType.computation,None,None,0,backward.MegatronColumnLinear.attention_column,None,None,,0.01142400037497282,0,0,1
CommType.computation,None,None,0,backward.MegatronColumnLinear.attention_column,None,None,,0.012480000033974648,0,0,1
CommType.computation,None,None,0,backward.MegatronRowLinearattention_row,None,None,,0.012032000347971916,0,0,1
CommType.computation,None,None,0,backward.MegatronRowLinearattention_row,None,None,,0.019711999222636223,0,0,1
CommType.computation,None,None,0,backward.MegatronColumnLinear.mlp_column,None,None,,0.011615999974310398,0,0,1
CommType.computation,None,None,0,backward.MegatronColumnLinear.mlp_column,None,None,,0.012319999746978283,0,0,1
CommType.computation,None,None,0,backward.MegatronRowLinearmlp_row,None,None,,0.011680000461637974,0,0,1
CommType.computation,None,None,0,backward.MegatronRowLinearmlp_row,None,None,,0.011487999930977821,0,0,1
CommType.computation,None,None,0,backward.MegatronColumnLinear.attention_column,None,None,,0.012095999903976917,0,0,1
CommType.computation,None,None,0,backward.MegatronColumnLinear.attention_column,None,None,,0.01152000017464161,0,0,1
CommType.computation,None,None,0,backward.MegatronRowLinearattention_row,None,None,,0.011776000261306763,0,0,1
CommType.computation,None,None,0,backward.MegatronRowLinearattention_row,None,None,,0.01235199999064207,0,0,1
CommType.computation,None,None,0,backward.MegatronColumnLinear.mlp_column,None,None,,0.01235199999064207,0,0,1
CommType.computation,None,None,0,backward.MegatronColumnLinear.mlp_column,None,None,,0.011935999616980553,0,0,1
CommType.computation,None,None,0,backward.MegatronRowLinearmlp_row,None,None,,0.012415999546647072,0,0,1
CommType.computation,None,None,0,backward.MegatronRowLinearmlp_row,None,None,,0.012256000190973282,0,0,1
CommType.computation,None,None,0,backward.MegatronColumnLinear.attention_column,None,None,,0.012671999633312225,0,0,1
CommType.computation,None,None,0,backward.MegatronColumnLinear.attention_column,None,None,,0.011776000261306763,0,0,1
CommType.computation,None,None,0,backward.MegatronRowLinearattention_row,None,None,,0.012640000320971012,0,0,1
CommType.computation,None,None,0,backward.MegatronRowLinearattention_row,None,None,,0.01235199999064207,0,0,1
CommType.computation,None,None,0,backward.MegatronColumnLinear.mlp_column,None,None,,0.01244799979031086,0,0,1
CommType.computation,None,None,0,backward.MegatronColumnLinear.mlp_column,None,None,,0.012160000391304493,0,0,1
CommType.computation,None,None,0,backward.MegatronRowLinearmlp_row,None,None,,0.01196799986064434,0,0,1
CommType.computation,None,None,0,backward.MegatronRowLinearmlp_row,None,None,,0.01228800043463707,0,0,1
CommType.computation,None,None,0,backward.MegatronColumnLinear.attention_column,None,None,,0.011935999616980553,0,0,1
CommType.computation,None,None,0,backward.MegatronColumnLinear.attention_column,None,None,,0.011680000461637974,0,0,1
CommType.computation,None,None,0,backward.MegatronRowLinearattention_row,None,None,,0.01206399966031313,0,0,1
CommType.computation,None,None,0,backward.MegatronRowLinearattention_row,None,None,,0.012095999903976917,0,0,1
CommType.computation,None,None,0,backward.MegatronColumnLinear.mlp_column,None,None,,0.011935999616980553,0,0,1
CommType.computation,None,None,0,backward.MegatronColumnLinear.mlp_column,None,None,,0.012223999947309494,0,0,1
CommType.computation,None,None,0,backward.MegatronRowLinearmlp_row,None,None,,0.012223999947309494,0,0,1
CommType.computation,None,None,0,backward.MegatronRowLinearmlp_row,None,None,,0.012223999947309494,0,0,1
CommType.computation,None,None,0,backward.MegatronColumnLinear.attention_column,None,None,,0.011839999817311764,0,0,1
CommType.computation,None,None,0,backward.MegatronColumnLinear.attention_column,None,None,,0.01190400030463934,0,0,1
CommType.computation,None,None,0,backward.MegatronRowLinearattention_row,None,None,,0.012000000104308128,0,0,1
CommType.computation,None,None,0,backward.MegatronRowLinearattention_row,None,None,,0.012319999746978283,0,0,1
CommType.computation,None,None,0,backward.MegatronColumnLinear.mlp_column,None,None,,0.01196799986064434,0,0,1
CommType.computation,None,None,0,backward.MegatronColumnLinear.mlp_column,None,None,,0.011872000060975552,0,0,1
CommType.computation,None,None,0,backward.MegatronRowLinearmlp_row,None,None,,0.01196799986064434,0,0,1
CommType.computation,None,None,0,backward.MegatronRowLinearmlp_row,None,None,,0.012543999589979649,0,0,1
CommType.computation,None,None,0,backward.MegatronColumnLinear.attention_column,None,None,,0.011807999573647976,0,0,1
CommType.computation,None,None,0,backward.MegatronColumnLinear.attention_column,None,None,,0.01196799986064434,0,0,1
CommType.computation,None,None,0,backward.MegatronRowLinearattention_row,None,None,,0.01196799986064434,0,0,1
CommType.computation,None,None,0,backward.MegatronRowLinearattention_row,None,None,,0.01228800043463707,0,0,1
CommType.computation,None,None,0,backward.MegatronColumnLinear.mlp_column,None,None,,0.01190400030463934,0,0,1
CommType.computation,None,None,0,backward.MegatronColumnLinear.mlp_column,None,None,,0.012512000277638435,0,0,1
CommType.computation,None,None,0,backward.MegatronRowLinearmlp_row,None,None,,0.01196799986064434,0,0,1
CommType.computation,None,None,0,backward.MegatronRowLinearmlp_row,None,None,,0.01228800043463707,0,0,1
CommType.computation,None,None,0,backward.MegatronColumnLinear.attention_column,None,None,,0.012191999703645706,0,0,1
CommType.computation,None,None,0,backward.MegatronColumnLinear.attention_column,None,None,,0.01206399966031313,0,0,1
CommType.computation,None,None,0,backward.MegatronRowLinearattention_row,None,None,,0.012160000391304493,0,0,1
CommType.computation,None,None,0,backward.MegatronRowLinearattention_row,None,None,,0.012384000234305859,0,0,1
CommType.computation,None,None,0,backward.MegatronColumnLinear.mlp_column,None,None,,0.011839999817311764,0,0,1
CommType.computation,None,None,0,backward.MegatronColumnLinear.mlp_column,None,None,,0.012703999876976013,0,0,1
CommType.computation,None,None,0,backward.MegatronRowLinearmlp_row,None,None,,0.01283199992030859,0,0,1
CommType.computation,None,None,0,backward.MegatronRowLinearmlp_row,None,None,,0.012608000077307224,0,0,1
CommType.computation,None,None,0,backward.MegatronColumnLinear.attention_column,None,None,,0.011776000261306763,0,0,1
CommType.computation,None,None,0,backward.MegatronColumnLinear.attention_column,None,None,,0.011839999817311764,0,0,1
CommType.computation,None,None,0,backward.MegatronRowLinearattention_row,None,None,,0.01190400030463934,0,0,1
CommType.computation,None,None,0,backward.MegatronRowLinearattention_row,None,None,,0.013055999763309956,0,0,1
CommType.computation,None,None,0,backward.MegatronColumnLinear.mlp_column,None,None,,0.012671999633312225,0,0,1
CommType.computation,None,None,0,backward.MegatronColumnLinear.mlp_column,None,None,,0.012128000147640705,0,0,1
CommType.computation,None,None,0,backward.MegatronRowLinearmlp_row,None,None,,0.011552000418305397,0,0,1
CommType.computation,None,None,0,backward.MegatronRowLinearmlp_row,None,None,,0.012575999833643436,0,0,1
CommType.computation,None,None,0,backward.MegatronColumnLinear.attention_column,None,None,,0.011839999817311764,0,0,1
CommType.computation,None,None,0,backward.MegatronColumnLinear.attention_column,None,None,,0.01321600005030632,0,0,1
CommType.computation,None,None,0,backward.MegatronRowLinearattention_row,None,None,,0.012095999903976917,0,0,1
CommType.computation,None,None,0,backward.MegatronRowLinearattention_row,None,None,,0.012191999703645706,0,0,1
CommType.computation,None,None,0,backward.MegatronColumnLinear.mlp_column,None,None,,0.011839999817311764,0,0,1
CommType.computation,None,None,0,backward.MegatronColumnLinear.mlp_column,None,None,,0.01190400030463934,0,0,1
CommType.computation,None,None,0,backward.MegatronRowLinearmlp_row,None,None,,0.012095999903976917,0,0,1
CommType.computation,None,None,0,backward.MegatronRowLinearmlp_row,None,None,,0.012128000147640705,0,0,1
CommType.computation,None,None,0,backward.MegatronColumnLinear.attention_column,None,None,,0.01142400037497282,0,0,1
CommType.computation,None,None,0,backward.MegatronColumnLinear.attention_column,None,None,,0.011168000288307667,0,0,1
CommType.computation,None,None,0,backward.MegatronRowLinearattention_row,None,None,,0.01190400030463934,0,0,1
CommType.computation,None,None,0,backward.MegatronRowLinearattention_row,None,None,,0.011744000017642975,0,0,1
CommType.computation,None,None,0,backward.MegatronColumnLinear.mlp_column,None,None,,0.011807999573647976,0,0,1
CommType.computation,None,None,0,backward.MegatronColumnLinear.mlp_column,None,None,,0.012160000391304493,0,0,1
CommType.computation,None,None,0,backward.MegatronRowLinearmlp_row,None,None,,0.012864000163972378,0,0,1
CommType.computation,None,None,0,backward.MegatronRowLinearmlp_row,None,None,,0.012864000163972378,0,0,1
CommType.computation,None,None,0,backward.MegatronColumnLinear.attention_column,None,None,,0.011872000060975552,0,0,1
CommType.computation,None,None,0,backward.MegatronColumnLinear.attention_column,None,None,,0.011487999930977821,0,0,1
CommType.computation,None,None,0,backward.MegatronRowLinearattention_row,None,None,,0.01228800043463707,0,0,1
CommType.computation,None,None,0,backward.MegatronRowLinearattention_row,None,None,,0.012095999903976917,0,0,1
CommType.computation,None,None,0,backward.MegatronColumnLinear.mlp_column,None,None,,0.011935999616980553,0,0,1
CommType.computation,None,None,0,backward.MegatronColumnLinear.mlp_column,None,None,,0.012095999903976917,0,0,1
CommType.computation,None,None,0,backward.MegatronRowLinearmlp_row,None,None,,0.011648000217974186,0,0,1
CommType.computation,None,None,0,backward.MegatronRowLinearmlp_row,None,None,,0.012160000391304493,0,0,1
CommType.computation,None,None,0,backward.MegatronColumnLinear.attention_column,None,None,,0.011935999616980553,0,0,1
CommType.computation,None,None,0,backward.MegatronColumnLinear.attention_column,None,None,,0.011552000418305397,0,0,1
CommType.computation,None,None,0,backward.MegatronRowLinearattention_row,None,None,,0.012736000120639801,0,0,1
CommType.computation,None,None,0,backward.MegatronRowLinearattention_row,None,None,,0.011680000461637974,0,0,1
CommType.computation,None,None,0,backward.MegatronColumnLinear.mlp_column,None,None,,0.01881599985063076,0,0,1
CommType.computation,None,None,0,backward.MegatronColumnLinear.mlp_column,None,None,,0.012480000033974648,0,0,1
CommType.computation,None,None,0,backward.MegatronRowLinearmlp_row,None,None,,0.011839999817311764,0,0,1
CommType.computation,None,None,0,backward.MegatronRowLinearmlp_row,None,None,,0.012256000190973282,0,0,1
CommType.computation,None,None,0,backward.MegatronColumnLinear.attention_column,None,None,,0.012223999947309494,0,0,1
CommType.computation,None,None,0,backward.MegatronColumnLinear.attention_column,None,None,,0.012415999546647072,0,0,1
CommType.computation,None,None,0,backward.MegatronRowLinearattention_row,None,None,,0.012256000190973282,0,0,1
CommType.computation,None,None,0,backward.MegatronRowLinearattention_row,None,None,,0.012223999947309494,0,0,1
CommType.computation,None,None,0,backward.MegatronColumnLinear.mlp_column,None,None,,0.012000000104308128,0,0,1
CommType.computation,None,None,0,backward.MegatronColumnLinear.mlp_column,None,None,,0.012608000077307224,0,0,1
CommType.computation,None,None,0,backward.MegatronRowLinearmlp_row,None,None,,0.01708799973130226,0,0,1
CommType.computation,None,None,0,backward.MegatronRowLinearmlp_row,None,None,,0.01244799979031086,0,0,1
CommType.computation,None,None,0,backward.MegatronColumnLinear.attention_column,None,None,,0.011776000261306763,0,0,1
CommType.computation,None,None,0,backward.MegatronColumnLinear.attention_column,None,None,,0.012160000391304493,0,0,1
CommType.computation,None,None,0,backward.MegatronRowLinearattention_row,None,None,,0.012160000391304493,0,0,1
CommType.computation,None,None,0,backward.MegatronRowLinearattention_row,None,None,,0.012256000190973282,0,0,1
CommType.computation,None,None,0,backward.MegatronColumnLinear.mlp_column,None,None,,0.012223999947309494,0,0,1
CommType.computation,None,None,0,backward.MegatronColumnLinear.mlp_column,None,None,,0.011776000261306763,0,0,1
CommType.computation,None,None,0,backward.MegatronRowLinearmlp_row,None,None,,0.01190400030463934,0,0,1
CommType.computation,None,None,0,backward.MegatronRowLinearmlp_row,None,None,,0.012000000104308128,0,0,1
CommType.computation,None,None,0,backward.MegatronColumnLinear.attention_column,None,None,,0.012000000104308128,0,0,1
CommType.computation,None,None,0,backward.MegatronColumnLinear.attention_column,None,None,,0.012032000347971916,0,0,1
CommType.computation,None,None,0,backward.MegatronRowLinearattention_row,None,None,,0.012032000347971916,0,0,1
CommType.computation,None,None,0,backward.MegatronRowLinearattention_row,None,None,,0.012415999546647072,0,0,1
CommType.computation,None,None,0,backward.MegatronColumnLinear.mlp_column,None,None,,0.012256000190973282,0,0,1
CommType.computation,None,None,0,backward.MegatronColumnLinear.mlp_column,None,None,,0.01228800043463707,0,0,1
CommType.computation,None,None,0,backward.MegatronRowLinearmlp_row,None,None,,0.01283199992030859,0,0,1
CommType.computation,None,None,0,backward.MegatronRowLinearmlp_row,None,None,,0.012608000077307224,0,0,1
CommType.computation,None,None,0,backward.MegatronColumnLinear.attention_column,None,None,,0.012160000391304493,0,0,1
CommType.computation,None,None,0,backward.MegatronColumnLinear.attention_column,None,None,,0.01196799986064434,0,0,1
CommType.computation,None,None,0,backward.MegatronRowLinearattention_row,None,None,,0.011776000261306763,0,0,1
CommType.computation,None,None,0,backward.MegatronRowLinearattention_row,None,None,,0.012032000347971916,0,0,1
CommType.computation,None,None,0,backward.MegatronColumnLinear.mlp_column,None,None,,0.012256000190973282,0,0,1
CommType.computation,None,None,0,backward.MegatronColumnLinear.mlp_column,None,None,,0.012415999546647072,0,0,1
CommType.computation,None,None,0,backward.MegatronRowLinearmlp_row,None,None,,0.01235199999064207,0,0,1
CommType.computation,None,None,0,backward.MegatronRowLinearmlp_row,None,None,,0.01244799979031086,0,0,1
CommType.computation,None,None,0,backward.MegatronColumnLinear.attention_column,None,None,,0.012160000391304493,0,0,1
CommType.computation,None,None,0,backward.MegatronColumnLinear.attention_column,None,None,,0.01196799986064434,0,0,1
CommType.computation,None,None,0,backward.MegatronRowLinearattention_row,None,None,,0.012000000104308128,0,0,1
CommType.computation,None,None,0,backward.MegatronRowLinearattention_row,None,None,,0.012640000320971012,0,0,1
CommType.computation,None,None,0,backward.MegatronColumnLinear.mlp_column,None,None,,0.012512000277638435,0,0,1
CommType.computation,None,None,0,backward.MegatronColumnLinear.mlp_column,None,None,,0.012160000391304493,0,0,1
CommType.computation,None,None,0,backward.MegatronRowLinearmlp_row,None,None,,0.012671999633312225,0,0,1
CommType.computation,None,None,0,backward.MegatronRowLinearmlp_row,None,None,,0.012128000147640705,0,0,1
CommType.computation,None,None,0,backward.MegatronColumnLinear.attention_column,None,None,,0.011744000017642975,0,0,1
CommType.computation,None,None,0,backward.MegatronColumnLinear.attention_column,None,None,,0.012415999546647072,0,0,1
CommType.computation,None,None,0,backward.MegatronRowLinearattention_row,None,None,,0.012608000077307224,0,0,1
CommType.computation,None,None,0,backward.MegatronRowLinearattention_row,None,None,,0.012480000033974648,0,0,1
CommType.computation,None,None,0,backward.MegatronColumnLinear.mlp_column,None,None,,0.012128000147640705,0,0,1
CommType.computation,None,None,0,backward.MegatronColumnLinear.mlp_column,None,None,,0.012223999947309494,0,0,1
CommType.computation,None,None,0,backward.MegatronRowLinearmlp_row,None,None,,0.011807999573647976,0,0,1
CommType.computation,None,None,0,backward.MegatronRowLinearmlp_row,None,None,,0.019487999379634857,0,0,1
CommType.computation,None,None,0,backward.MegatronColumnLinear.attention_column,None,None,,0.01196799986064434,0,0,1
CommType.computation,None,None,0,backward.MegatronColumnLinear.attention_column,None,None,,0.01196799986064434,0,0,1
CommType.computation,None,None,0,backward.MegatronRowLinearattention_row,None,None,,0.011552000418305397,0,0,1
CommType.computation,None,None,0,backward.MegatronRowLinearattention_row,None,None,,0.011711999773979187,0,0,1
CommType.computation,None,None,0,backward.MegatronColumnLinear.mlp_column,None,None,,0.011296000331640244,0,0,1
CommType.computation,None,None,0,backward.MegatronColumnLinear.mlp_column,None,None,,0.01152000017464161,0,0,1
CommType.computation,None,None,0,backward.MegatronRowLinearmlp_row,None,None,,0.01206399966031313,0,0,1
CommType.computation,None,None,0,backward.MegatronRowLinearmlp_row,None,None,,0.01206399966031313,0,0,1
CommType.computation,None,None,0,backward.MegatronColumnLinear.attention_column,None,None,,0.011455999687314034,0,0,1
CommType.computation,None,None,0,backward.MegatronColumnLinear.attention_column,None,None,,0.0191040001809597,0,0,1
CommType.computation,None,None,0,backward.MegatronRowLinearattention_row,None,None,,0.01206399966031313,0,0,1
CommType.computation,None,None,0,backward.MegatronRowLinearattention_row,None,None,,0.012223999947309494,0,0,1
CommType.computation,None,None,0,backward.MegatronColumnLinear.mlp_column,None,None,,0.01235199999064207,0,0,1
CommType.computation,None,None,0,backward.MegatronColumnLinear.mlp_column,None,None,,0.012128000147640705,0,0,1
CommType.computation,None,None,0,backward.MegatronRowLinearmlp_row,None,None,,0.011711999773979187,0,0,1
CommType.computation,None,None,0,backward.MegatronRowLinearmlp_row,None,None,,0.01228800043463707,0,0,1
CommType.broadcast,CommGroup.tp_group,2,40,forward_step,None,0,,0.1356160044670105,0.0,0.0,1
CommType.broadcast,CommGroup.tp_group,2,16400,forward_step,None,0,,0.08537600189447403,0.18,0.18,1
CommType.all_reduce,CommGroup.tp_group,2,8388608,forward.MegatronEmbedding,None,None,,0.5235840082168579,14.92,14.92,1
CommType.computation,None,None,0,forward.MegatronColumnLinear.attention_column,None,None,,0.013024000450968742,0,0,1
CommType.computation,None,None,0,forward.MegatronRowLinear.attention_row,None,None,,0.01235199999064207,0,0,1
CommType.all_reduce,CommGroup.tp_group,2,8388608,forward.MegatronRowLinear,None,None,,0.5047039985656738,15.48,15.48,1
CommType.computation,None,None,0,forward.MegatronColumnLinear.mlp_column,None,None,,0.012927999719977379,0,0,1
CommType.computation,None,None,0,forward.MegatronRowLinear.mlp_row,None,None,,0.012256000190973282,0,0,1
CommType.all_reduce,CommGroup.tp_group,2,8388608,forward.MegatronRowLinear,None,None,,0.5080000162124634,15.38,15.38,1
CommType.computation,None,None,0,forward.MegatronColumnLinear.attention_column,None,None,,0.013151999562978745,0,0,1
CommType.computation,None,None,0,forward.MegatronRowLinear.attention_row,None,None,,0.012480000033974648,0,0,1
CommType.all_reduce,CommGroup.tp_group,2,8388608,forward.MegatronRowLinear,None,None,,0.5063999891281128,15.43,15.43,1
CommType.computation,None,None,0,forward.MegatronColumnLinear.mlp_column,None,None,,0.012927999719977379,0,0,1
CommType.computation,None,None,0,forward.MegatronRowLinear.mlp_row,None,None,,0.01244799979031086,0,0,1
CommType.all_reduce,CommGroup.tp_group,2,8388608,forward.MegatronRowLinear,None,None,,0.5041279792785645,15.5,15.5,1
CommType.computation,None,None,0,forward.MegatronColumnLinear.attention_column,None,None,,0.012736000120639801,0,0,1
CommType.computation,None,None,0,forward.MegatronRowLinear.attention_row,None,None,,0.01206399966031313,0,0,1
CommType.all_reduce,CommGroup.tp_group,2,8388608,forward.MegatronRowLinear,None,None,,0.5053120255470276,15.46,15.46,1
CommType.computation,None,None,0,forward.MegatronColumnLinear.mlp_column,None,None,,0.013055999763309956,0,0,1
CommType.computation,None,None,0,forward.MegatronRowLinear.mlp_row,None,None,,0.012128000147640705,0,0,1
CommType.all_reduce,CommGroup.tp_group,2,8388608,forward.MegatronRowLinear,None,None,,0.5040000081062317,15.5,15.5,1
CommType.computation,None,None,0,forward.MegatronColumnLinear.attention_column,None,None,,0.02236800082027912,0,0,1
CommType.computation,None,None,0,forward.MegatronRowLinear.attention_row,None,None,,0.012384000234305859,0,0,1
CommType.all_reduce,CommGroup.tp_group,2,8388608,forward.MegatronRowLinear,None,None,,0.5042240023612976,15.49,15.49,1
CommType.computation,None,None,0,forward.MegatronColumnLinear.mlp_column,None,None,,0.025599999353289604,0,0,1
CommType.computation,None,None,0,forward.MegatronRowLinear.mlp_row,None,None,,0.012608000077307224,0,0,1
CommType.all_reduce,CommGroup.tp_group,2,8388608,forward.MegatronRowLinear,None,None,,0.5055040121078491,15.45,15.45,1
CommType.computation,None,None,0,forward.MegatronColumnLinear.attention_column,None,None,,0.01500799972563982,0,0,1
CommType.computation,None,None,0,forward.MegatronRowLinear.attention_row,None,None,,0.012223999947309494,0,0,1
CommType.all_reduce,CommGroup.tp_group,2,8388608,forward.MegatronRowLinear,None,None,,0.5058879852294922,15.44,15.44,1
CommType.computation,None,None,0,forward.MegatronColumnLinear.mlp_column,None,None,,0.012319999746978283,0,0,1
CommType.computation,None,None,0,forward.MegatronRowLinear.mlp_row,None,None,,0.012128000147640705,0,0,1
CommType.all_reduce,CommGroup.tp_group,2,8388608,forward.MegatronRowLinear,None,None,,0.5070719718933105,15.41,15.41,1
CommType.computation,None,None,0,forward.MegatronColumnLinear.attention_column,None,None,,0.012575999833643436,0,0,1
CommType.computation,None,None,0,forward.MegatronRowLinear.attention_row,None,None,,0.011839999817311764,0,0,1
CommType.all_reduce,CommGroup.tp_group,2,8388608,forward.MegatronRowLinear,None,None,,0.506879985332489,15.41,15.41,1
CommType.computation,None,None,0,forward.MegatronColumnLinear.mlp_column,None,None,,0.01244799979031086,0,0,1
CommType.computation,None,None,0,forward.MegatronRowLinear.mlp_row,None,None,,0.012095999903976917,0,0,1
CommType.all_reduce,CommGroup.tp_group,2,8388608,forward.MegatronRowLinear,None,None,,0.5035200119018555,15.52,15.52,1
CommType.computation,None,None,0,forward.MegatronColumnLinear.attention_column,None,None,,0.012543999589979649,0,0,1
CommType.computation,None,None,0,forward.MegatronRowLinear.attention_row,None,None,,0.012000000104308128,0,0,1
CommType.all_reduce,CommGroup.tp_group,2,8388608,forward.MegatronRowLinear,None,None,,0.5034559965133667,15.52,15.52,1
CommType.computation,None,None,0,forward.MegatronColumnLinear.mlp_column,None,None,,0.013055999763309956,0,0,1
CommType.computation,None,None,0,forward.MegatronRowLinear.mlp_row,None,None,,0.011935999616980553,0,0,1
CommType.all_reduce,CommGroup.tp_group,2,8388608,forward.MegatronRowLinear,None,None,,0.5058879852294922,15.44,15.44,1
CommType.computation,None,None,0,forward.MegatronColumnLinear.attention_column,None,None,,0.012959999963641167,0,0,1
CommType.computation,None,None,0,forward.MegatronRowLinear.attention_row,None,None,,0.012384000234305859,0,0,1
CommType.all_reduce,CommGroup.tp_group,2,8388608,forward.MegatronRowLinear,None,None,,0.5049279928207397,15.47,15.47,1
CommType.computation,None,None,0,forward.MegatronColumnLinear.mlp_column,None,None,,0.012799999676644802,0,0,1
CommType.computation,None,None,0,forward.MegatronRowLinear.mlp_row,None,None,,0.012384000234305859,0,0,1
CommType.all_reduce,CommGroup.tp_group,2,8388608,forward.MegatronRowLinear,None,None,,0.5034559965133667,15.52,15.52,1
CommType.computation,None,None,0,forward.MegatronColumnLinear.attention_column,None,None,,0.012927999719977379,0,0,1
CommType.computation,None,None,0,forward.MegatronRowLinear.attention_row,None,None,,0.011839999817311764,0,0,1
CommType.all_reduce,CommGroup.tp_group,2,8388608,forward.MegatronRowLinear,None,None,,0.5030720233917236,15.53,15.53,1
CommType.computation,None,None,0,forward.MegatronColumnLinear.mlp_column,None,None,,0.012864000163972378,0,0,1
CommType.computation,None,None,0,forward.MegatronRowLinear.mlp_row,None,None,,0.012703999876976013,0,0,1
CommType.all_reduce,CommGroup.tp_group,2,8388608,forward.MegatronRowLinear,None,None,,0.5051199793815613,15.47,15.47,1
CommType.computation,None,None,0,forward.MegatronColumnLinear.attention_column,None,None,,0.014720000326633453,0,0,1
CommType.computation,None,None,0,forward.MegatronRowLinear.attention_row,None,None,,0.012736000120639801,0,0,1
CommType.all_reduce,CommGroup.tp_group,2,8388608,forward.MegatronRowLinear,None,None,,0.5087360143661499,15.36,15.36,1
CommType.computation,None,None,0,forward.MegatronColumnLinear.mlp_column,None,None,,0.013120000250637531,0,0,1
CommType.computation,None,None,0,forward.MegatronRowLinear.mlp_row,None,None,,0.012223999947309494,0,0,1
CommType.all_reduce,CommGroup.tp_group,2,8388608,forward.MegatronRowLinear,None,None,,0.5071359872817993,15.41,15.41,1
CommType.computation,None,None,0,forward.MegatronColumnLinear.attention_column,None,None,,0.013535999692976475,0,0,1
CommType.computation,None,None,0,forward.MegatronRowLinear.attention_row,None,None,,0.012191999703645706,0,0,1
CommType.all_reduce,CommGroup.tp_group,2,8388608,forward.MegatronRowLinear,None,None,,0.5195519924163818,15.04,15.04,1
CommType.computation,None,None,0,forward.MegatronColumnLinear.mlp_column,None,None,,0.012191999703645706,0,0,1
CommType.computation,None,None,0,forward.MegatronRowLinear.mlp_row,None,None,,0.012191999703645706,0,0,1
CommType.all_reduce,CommGroup.tp_group,2,8388608,forward.MegatronRowLinear,None,None,,0.5165759921073914,15.12,15.12,1
CommType.computation,None,None,0,forward.MegatronColumnLinear.attention_column,None,None,,0.013120000250637531,0,0,1
CommType.computation,None,None,0,forward.MegatronRowLinear.attention_row,None,None,,0.011744000017642975,0,0,1
CommType.all_reduce,CommGroup.tp_group,2,8388608,forward.MegatronRowLinear,None,None,,0.5113279819488525,15.28,15.28,1
CommType.computation,None,None,0,forward.MegatronColumnLinear.mlp_column,None,None,,0.012896000407636166,0,0,1
CommType.computation,None,None,0,forward.MegatronRowLinear.mlp_row,None,None,,0.012032000347971916,0,0,1
CommType.all_reduce,CommGroup.tp_group,2,8388608,forward.MegatronRowLinear,None,None,,0.5105599761009216,15.3,15.3,1
CommType.computation,None,None,0,forward.MegatronColumnLinear.attention_column,None,None,,0.012927999719977379,0,0,1
CommType.computation,None,None,0,forward.MegatronRowLinear.attention_row,None,None,,0.011231999844312668,0,0,1
CommType.all_reduce,CommGroup.tp_group,2,8388608,forward.MegatronRowLinear,None,None,,0.5127360224723816,15.24,15.24,1
CommType.computation,None,None,0,forward.MegatronColumnLinear.mlp_column,None,None,,0.012512000277638435,0,0,1
CommType.computation,None,None,0,forward.MegatronRowLinear.mlp_row,None,None,,0.012032000347971916,0,0,1
CommType.all_reduce,CommGroup.tp_group,2,8388608,forward.MegatronRowLinear,None,None,,0.5100799798965454,15.32,15.32,1
CommType.computation,None,None,0,forward.MegatronColumnLinear.attention_column,None,None,,0.012992000207304955,0,0,1
CommType.computation,None,None,0,forward.MegatronRowLinear.attention_row,None,None,,0.011680000461637974,0,0,1
CommType.all_reduce,CommGroup.tp_group,2,8388608,forward.MegatronRowLinear,None,None,,0.5071039795875549,15.41,15.41,1
CommType.computation,None,None,0,forward.MegatronColumnLinear.mlp_column,None,None,,0.012671999633312225,0,0,1
CommType.computation,None,None,0,forward.MegatronRowLinear.mlp_row,None,None,,0.012000000104308128,0,0,1
CommType.all_reduce,CommGroup.tp_group,2,8388608,forward.MegatronRowLinear,None,None,,0.5072960257530212,15.4,15.4,1
CommType.computation,None,None,0,forward.MegatronColumnLinear.attention_column,None,None,,0.012480000033974648,0,0,1
CommType.computation,None,None,0,forward.MegatronRowLinear.attention_row,None,None,,0.012000000104308128,0,0,1
CommType.all_reduce,CommGroup.tp_group,2,8388608,forward.MegatronRowLinear,None,None,,0.5019840002059937,15.56,15.56,1
CommType.computation,None,None,0,forward.MegatronColumnLinear.mlp_column,None,None,,0.012384000234305859,0,0,1
CommType.computation,None,None,0,forward.MegatronRowLinear.mlp_row,None,None,,0.012799999676644802,0,0,1
CommType.all_reduce,CommGroup.tp_group,2,8388608,forward.MegatronRowLinear,None,None,,0.506816029548645,15.41,15.41,1
CommType.computation,None,None,0,forward.MegatronColumnLinear.attention_column,None,None,,0.012768000364303589,0,0,1
CommType.computation,None,None,0,forward.MegatronRowLinear.attention_row,None,None,,0.01196799986064434,0,0,1
CommType.all_reduce,CommGroup.tp_group,2,8388608,forward.MegatronRowLinear,None,None,,0.50627201795578,15.43,15.43,1
CommType.computation,None,None,0,forward.MegatronColumnLinear.mlp_column,None,None,,0.012384000234305859,0,0,1
CommType.computation,None,None,0,forward.MegatronRowLinear.mlp_row,None,None,,0.011839999817311764,0,0,1
CommType.all_reduce,CommGroup.tp_group,2,8388608,forward.MegatronRowLinear,None,None,,0.5048959851264954,15.47,15.47,1
CommType.computation,None,None,0,forward.MegatronColumnLinear.attention_column,None,None,,0.013024000450968742,0,0,1
CommType.computation,None,None,0,forward.MegatronRowLinear.attention_row,None,None,,0.012032000347971916,0,0,1
CommType.all_reduce,CommGroup.tp_group,2,8388608,forward.MegatronRowLinear,None,None,,0.5033280253410339,15.52,15.52,1
CommType.computation,None,None,0,forward.MegatronColumnLinear.mlp_column,None,None,,0.012543999589979649,0,0,1
CommType.computation,None,None,0,forward.MegatronRowLinear.mlp_row,None,None,,0.012223999947309494,0,0,1
CommType.all_reduce,CommGroup.tp_group,2,8388608,forward.MegatronRowLinear,None,None,,0.5064640045166016,15.43,15.43,1
CommType.computation,None,None,0,forward.MegatronColumnLinear.attention_column,None,None,,0.012927999719977379,0,0,1
CommType.computation,None,None,0,forward.MegatronRowLinear.attention_row,None,None,,0.01190400030463934,0,0,1
CommType.all_reduce,CommGroup.tp_group,2,8388608,forward.MegatronRowLinear,None,None,,0.5076799988746643,15.39,15.39,1
CommType.computation,None,None,0,forward.MegatronColumnLinear.mlp_column,None,None,,0.012992000207304955,0,0,1
CommType.computation,None,None,0,forward.MegatronRowLinear.mlp_row,None,None,,0.01190400030463934,0,0,1
CommType.all_reduce,CommGroup.tp_group,2,8388608,forward.MegatronRowLinear,None,None,,0.5071039795875549,15.41,15.41,1
CommType.computation,None,None,0,forward.MegatronColumnLinear.attention_column,None,None,,0.01283199992030859,0,0,1
CommType.computation,None,None,0,forward.MegatronRowLinear.attention_row,None,None,,0.012384000234305859,0,0,1
CommType.all_reduce,CommGroup.tp_group,2,8388608,forward.MegatronRowLinear,None,None,,0.5055680274963379,15.45,15.45,1
CommType.computation,None,None,0,forward.MegatronColumnLinear.mlp_column,None,None,,0.012671999633312225,0,0,1
CommType.computation,None,None,0,forward.MegatronRowLinear.mlp_row,None,None,,0.01206399966031313,0,0,1
CommType.all_reduce,CommGroup.tp_group,2,8388608,forward.MegatronRowLinear,None,None,,0.5171200037002563,15.11,15.11,1
CommType.computation,None,None,0,forward.MegatronColumnLinear.attention_column,None,None,,0.01283199992030859,0,0,1
CommType.computation,None,None,0,forward.MegatronRowLinear.attention_row,None,None,,0.01206399966031313,0,0,1
CommType.all_reduce,CommGroup.tp_group,2,8388608,forward.MegatronRowLinear,None,None,,0.5173439979553223,15.1,15.1,1
CommType.computation,None,None,0,forward.MegatronColumnLinear.mlp_column,None,None,,0.012640000320971012,0,0,1
CommType.computation,None,None,0,forward.MegatronRowLinear.mlp_row,None,None,,0.012000000104308128,0,0,1
CommType.all_reduce,CommGroup.tp_group,2,8388608,forward.MegatronRowLinear,None,None,,0.5084159970283508,15.37,15.37,1
CommType.computation,None,None,0,forward.MegatronColumnLinear.attention_column,None,None,,0.012575999833643436,0,0,1
CommType.computation,None,None,0,forward.MegatronRowLinear.attention_row,None,None,,0.011872000060975552,0,0,1
CommType.all_reduce,CommGroup.tp_group,2,8388608,forward.MegatronRowLinear,None,None,,0.5072320103645325,15.4,15.4,1
CommType.computation,None,None,0,forward.MegatronColumnLinear.mlp_column,None,None,,0.012671999633312225,0,0,1
CommType.computation,None,None,0,forward.MegatronRowLinear.mlp_row,None,None,,0.012480000033974648,0,0,1
CommType.all_reduce,CommGroup.tp_group,2,8388608,forward.MegatronRowLinear,None,None,,0.5049600005149841,15.47,15.47,1
CommType.computation,None,None,0,forward.MegatronColumnLinear.attention_column,None,None,,0.01321600005030632,0,0,1
CommType.computation,None,None,0,forward.MegatronRowLinear.attention_row,None,None,,0.012223999947309494,0,0,1
CommType.all_reduce,CommGroup.tp_group,2,8388608,forward.MegatronRowLinear,None,None,,0.5028799772262573,15.54,15.54,1
CommType.computation,None,None,0,forward.MegatronColumnLinear.mlp_column,None,None,,0.012927999719977379,0,0,1
CommType.computation,None,None,0,forward.MegatronRowLinear.mlp_row,None,None,,0.012160000391304493,0,0,1
CommType.all_reduce,CommGroup.tp_group,2,8388608,forward.MegatronRowLinear,None,None,,0.5074880123138428,15.39,15.39,1
CommType.computation,None,None,0,forward.MegatronColumnLinear.attention_column,None,None,,0.013183999806642532,0,0,1
CommType.computation,None,None,0,forward.MegatronRowLinear.attention_row,None,None,,0.012160000391304493,0,0,1
CommType.all_reduce,CommGroup.tp_group,2,8388608,forward.MegatronRowLinear,None,None,,0.5047039985656738,15.48,15.48,1
CommType.computation,None,None,0,forward.MegatronColumnLinear.mlp_column,None,None,,0.01190400030463934,0,0,1
CommType.computation,None,None,0,forward.MegatronRowLinear.mlp_row,None,None,,0.01206399966031313,0,0,1
CommType.all_reduce,CommGroup.tp_group,2,8388608,forward.MegatronRowLinear,None,None,,0.5078719854354858,15.38,15.38,1
CommType.computation,None,None,0,forward.MegatronColumnLinear.attention_column,None,None,,0.012864000163972378,0,0,1
CommType.computation,None,None,0,forward.MegatronRowLinear.attention_row,None,None,,0.012128000147640705,0,0,1
CommType.all_reduce,CommGroup.tp_group,2,8388608,forward.MegatronRowLinear,None,None,,0.5029119849205017,15.53,15.53,1
CommType.computation,None,None,0,forward.MegatronColumnLinear.mlp_column,None,None,,0.012384000234305859,0,0,1
CommType.computation,None,None,0,forward.MegatronRowLinear.mlp_row,None,None,,0.01196799986064434,0,0,1
CommType.all_reduce,CommGroup.tp_group,2,8388608,forward.MegatronRowLinear,None,None,,0.5059199929237366,15.44,15.44,1
CommType.all_reduce,CommGroup.tp_group,2,8192,forward_step._VocabParallelCrossEntropy,None,None,,0.08057600259780884,0.09,0.09,1
CommType.all_reduce,CommGroup.tp_group,2,8192,forward_step._VocabParallelCrossEntropy,None,None,,0.07625599950551987,0.1,0.1,1
CommType.all_reduce,CommGroup.tp_group,2,8192,forward_step._VocabParallelCrossEntropy,None,None,,0.07430399954319,0.1,0.1,1
CommType.all_reduce,CommGroup.dp_group,1,4,forward_step.average_losses_across_data_parallel_group,None,None,,0.0767040029168129,0.0,0.0,1
CommType.computation,None,None,0,backward.MegatronColumnLinear.attention_column,None,None,,0.012927999719977379,0,0,1
CommType.computation,None,None,0,backward.MegatronColumnLinear.attention_column,None,None,,0.01206399966031313,0,0,1
CommType.computation,None,None,0,backward.MegatronRowLinearattention_row,None,None,,0.012191999703645706,0,0,1
CommType.computation,None,None,0,backward.MegatronRowLinearattention_row,None,None,,0.01196799986064434,0,0,1
CommType.computation,None,None,0,backward.MegatronColumnLinear.mlp_column,None,None,,0.012223999947309494,0,0,1
CommType.computation,None,None,0,backward.MegatronColumnLinear.mlp_column,None,None,,0.01244799979031086,0,0,1
CommType.computation,None,None,0,backward.MegatronRowLinearmlp_row,None,None,,0.012223999947309494,0,0,1
CommType.computation,None,None,0,backward.MegatronRowLinearmlp_row,None,None,,0.012000000104308128,0,0,1
CommType.computation,None,None,0,backward.MegatronColumnLinear.attention_column,None,None,,0.012256000190973282,0,0,1
CommType.computation,None,None,0,backward.MegatronColumnLinear.attention_column,None,None,,0.012160000391304493,0,0,1
CommType.computation,None,None,0,backward.MegatronRowLinearattention_row,None,None,,0.01283199992030859,0,0,1
CommType.computation,None,None,0,backward.MegatronRowLinearattention_row,None,None,,0.012671999633312225,0,0,1
CommType.computation,None,None,0,backward.MegatronColumnLinear.mlp_column,None,None,,0.012191999703645706,0,0,1
CommType.computation,None,None,0,backward.MegatronColumnLinear.mlp_column,None,None,,0.011776000261306763,0,0,1
CommType.computation,None,None,0,backward.MegatronRowLinearmlp_row,None,None,,0.01244799979031086,0,0,1
CommType.computation,None,None,0,backward.MegatronRowLinearmlp_row,None,None,,0.011552000418305397,0,0,1
CommType.computation,None,None,0,backward.MegatronColumnLinear.attention_column,None,None,,0.012032000347971916,0,0,1
CommType.computation,None,None,0,backward.MegatronColumnLinear.attention_column,None,None,,0.011935999616980553,0,0,1
CommType.computation,None,None,0,backward.MegatronRowLinearattention_row,None,None,,0.01158399973064661,0,0,1
CommType.computation,None,None,0,backward.MegatronRowLinearattention_row,None,None,,0.011711999773979187,0,0,1
CommType.computation,None,None,0,backward.MegatronColumnLinear.mlp_column,None,None,,0.01206399966031313,0,0,1
CommType.computation,None,None,0,backward.MegatronColumnLinear.mlp_column,None,None,,0.012191999703645706,0,0,1
CommType.computation,None,None,0,backward.MegatronRowLinearmlp_row,None,None,,0.01190400030463934,0,0,1
CommType.computation,None,None,0,backward.MegatronRowLinearmlp_row,None,None,,0.011776000261306763,0,0,1
CommType.computation,None,None,0,backward.MegatronColumnLinear.attention_column,None,None,,0.011839999817311764,0,0,1
CommType.computation,None,None,0,backward.MegatronColumnLinear.attention_column,None,None,,0.011264000087976456,0,0,1
CommType.computation,None,None,0,backward.MegatronRowLinearattention_row,None,None,,0.012128000147640705,0,0,1
CommType.computation,None,None,0,backward.MegatronRowLinearattention_row,None,None,,0.012095999903976917,0,0,1
CommType.computation,None,None,0,backward.MegatronColumnLinear.mlp_column,None,None,,0.01196799986064434,0,0,1
CommType.computation,None,None,0,backward.MegatronColumnLinear.mlp_column,None,None,,0.012032000347971916,0,0,1
CommType.computation,None,None,0,backward.MegatronRowLinearmlp_row,None,None,,0.012000000104308128,0,0,1
CommType.computation,None,None,0,backward.MegatronRowLinearmlp_row,None,None,,0.011168000288307667,0,0,1
CommType.computation,None,None,0,backward.MegatronColumnLinear.attention_column,None,None,,0.011615999974310398,0,0,1
CommType.computation,None,None,0,backward.MegatronColumnLinear.attention_column,None,None,,0.011839999817311764,0,0,1
CommType.computation,None,None,0,backward.MegatronRowLinearattention_row,None,None,,0.012095999903976917,0,0,1
CommType.computation,None,None,0,backward.MegatronRowLinearattention_row,None,None,,0.012191999703645706,0,0,1
CommType.computation,None,None,0,backward.MegatronColumnLinear.mlp_column,None,None,,0.012032000347971916,0,0,1
CommType.computation,None,None,0,backward.MegatronColumnLinear.mlp_column,None,None,,0.01235199999064207,0,0,1
CommType.computation,None,None,0,backward.MegatronRowLinearmlp_row,None,None,,0.012319999746978283,0,0,1
CommType.computation,None,None,0,backward.MegatronRowLinearmlp_row,None,None,,0.019551999866962433,0,0,1
CommType.computation,None,None,0,backward.MegatronColumnLinear.attention_column,None,None,,0.012191999703645706,0,0,1
CommType.computation,None,None,0,backward.MegatronColumnLinear.attention_column,None,None,,0.01228800043463707,0,0,1
CommType.computation,None,None,0,backward.MegatronRowLinearattention_row,None,None,,0.012191999703645706,0,0,1
CommType.computation,None,None,0,backward.MegatronRowLinearattention_row,None,None,,0.011807999573647976,0,0,1
CommType.computation,None,None,0,backward.MegatronColumnLinear.mlp_column,None,None,,0.01206399966031313,0,0,1
CommType.computation,None,None,0,backward.MegatronColumnLinear.mlp_column,None,None,,0.012256000190973282,0,0,1
CommType.computation,None,None,0,backward.MegatronRowLinearmlp_row,None,None,,0.011807999573647976,0,0,1
CommType.computation,None,None,0,backward.MegatronRowLinearmlp_row,None,None,,0.01196799986064434,0,0,1
CommType.computation,None,None,0,backward.MegatronColumnLinear.attention_column,None,None,,0.011744000017642975,0,0,1
CommType.computation,None,None,0,backward.MegatronColumnLinear.attention_column,None,None,,0.012032000347971916,0,0,1
CommType.computation,None,None,0,backward.MegatronRowLinearattention_row,None,None,,0.012160000391304493,0,0,1
CommType.computation,None,None,0,backward.MegatronRowLinearattention_row,None,None,,0.011776000261306763,0,0,1
CommType.computation,None,None,0,backward.MegatronColumnLinear.mlp_column,None,None,,0.011839999817311764,0,0,1
CommType.computation,None,None,0,backward.MegatronColumnLinear.mlp_column,None,None,,0.011487999930977821,0,0,1
CommType.computation,None,None,0,backward.MegatronRowLinearmlp_row,None,None,,0.011136000044643879,0,0,1
CommType.computation,None,None,0,backward.MegatronRowLinearmlp_row,None,None,,0.012000000104308128,0,0,1
CommType.computation,None,None,0,backward.MegatronColumnLinear.attention_column,None,None,,0.011839999817311764,0,0,1
CommType.computation,None,None,0,backward.MegatronColumnLinear.attention_column,None,None,,0.012128000147640705,0,0,1
CommType.computation,None,None,0,backward.MegatronRowLinearattention_row,None,None,,0.011935999616980553,0,0,1
CommType.computation,None,None,0,backward.MegatronRowLinearattention_row,None,None,,0.01196799986064434,0,0,1
CommType.computation,None,None,0,backward.MegatronColumnLinear.mlp_column,None,None,,0.012095999903976917,0,0,1
CommType.computation,None,None,0,backward.MegatronColumnLinear.mlp_column,None,None,,0.01190400030463934,0,0,1
CommType.computation,None,None,0,backward.MegatronRowLinearmlp_row,None,None,,0.012512000277638435,0,0,1
CommType.computation,None,None,0,backward.MegatronRowLinearmlp_row,None,None,,0.011711999773979187,0,0,1
CommType.computation,None,None,0,backward.MegatronColumnLinear.attention_column,None,None,,0.011935999616980553,0,0,1
CommType.computation,None,None,0,backward.MegatronColumnLinear.attention_column,None,None,,0.011872000060975552,0,0,1
CommType.computation,None,None,0,backward.MegatronRowLinearattention_row,None,None,,0.012799999676644802,0,0,1
CommType.computation,None,None,0,backward.MegatronRowLinearattention_row,None,None,,0.01206399966031313,0,0,1
CommType.computation,None,None,0,backward.MegatronColumnLinear.mlp_column,None,None,,0.011807999573647976,0,0,1
CommType.computation,None,None,0,backward.MegatronColumnLinear.mlp_column,None,None,,0.011935999616980553,0,0,1
CommType.computation,None,None,0,backward.MegatronRowLinearmlp_row,None,None,,0.011935999616980553,0,0,1
CommType.computation,None,None,0,backward.MegatronRowLinearmlp_row,None,None,,0.016127999871969223,0,0,1
CommType.computation,None,None,0,backward.MegatronColumnLinear.attention_column,None,None,,0.012223999947309494,0,0,1
CommType.computation,None,None,0,backward.MegatronColumnLinear.attention_column,None,None,,0.012128000147640705,0,0,1
CommType.computation,None,None,0,backward.MegatronRowLinearattention_row,None,None,,0.011744000017642975,0,0,1
CommType.computation,None,None,0,backward.MegatronRowLinearattention_row,None,None,,0.012032000347971916,0,0,1
CommType.computation,None,None,0,backward.MegatronColumnLinear.mlp_column,None,None,,0.01206399966031313,0,0,1
CommType.computation,None,None,0,backward.MegatronColumnLinear.mlp_column,None,None,,0.01196799986064434,0,0,1
CommType.computation,None,None,0,backward.MegatronRowLinearmlp_row,None,None,,0.013279999606311321,0,0,1
CommType.computation,None,None,0,backward.MegatronRowLinearmlp_row,None,None,,0.011680000461637974,0,0,1
CommType.computation,None,None,0,backward.MegatronColumnLinear.attention_column,None,None,,0.012032000347971916,0,0,1
CommType.computation,None,None,0,backward.MegatronColumnLinear.attention_column,None,None,,0.012000000104308128,0,0,1
CommType.computation,None,None,0,backward.MegatronRowLinearattention_row,None,None,,0.012191999703645706,0,0,1
CommType.computation,None,None,0,backward.MegatronRowLinearattention_row,None,None,,0.011648000217974186,0,0,1
CommType.computation,None,None,0,backward.MegatronColumnLinear.mlp_column,None,None,,0.012256000190973282,0,0,1
CommType.computation,None,None,0,backward.MegatronColumnLinear.mlp_column,None,None,,0.012000000104308128,0,0,1
CommType.computation,None,None,0,backward.MegatronRowLinearmlp_row,None,None,,0.012128000147640705,0,0,1
CommType.computation,None,None,0,backward.MegatronRowLinearmlp_row,None,None,,0.012191999703645706,0,0,1
CommType.computation,None,None,0,backward.MegatronColumnLinear.attention_column,None,None,,0.021215999498963356,0,0,1
CommType.computation,None,None,0,backward.MegatronColumnLinear.attention_column,None,None,,0.010879999957978725,0,0,1
CommType.computation,None,None,0,backward.MegatronRowLinearattention_row,None,None,,0.011935999616980553,0,0,1
CommType.computation,None,None,0,backward.MegatronRowLinearattention_row,None,None,,0.011776000261306763,0,0,1
CommType.computation,None,None,0,backward.MegatronColumnLinear.mlp_column,None,None,,0.01228800043463707,0,0,1
CommType.computation,None,None,0,backward.MegatronColumnLinear.mlp_column,None,None,,0.01228800043463707,0,0,1
CommType.computation,None,None,0,backward.MegatronRowLinearmlp_row,None,None,,0.012191999703645706,0,0,1
CommType.computation,None,None,0,backward.MegatronRowLinearmlp_row,None,None,,0.011935999616980553,0,0,1
CommType.computation,None,None,0,backward.MegatronColumnLinear.attention_column,None,None,,0.01190400030463934,0,0,1
CommType.computation,None,None,0,backward.MegatronColumnLinear.attention_column,None,None,,0.01190400030463934,0,0,1
CommType.computation,None,None,0,backward.MegatronRowLinearattention_row,None,None,,0.012543999589979649,0,0,1
CommType.computation,None,None,0,backward.MegatronRowLinearattention_row,None,None,,0.011615999974310398,0,0,1
CommType.computation,None,None,0,backward.MegatronColumnLinear.mlp_column,None,None,,0.012191999703645706,0,0,1
CommType.computation,None,None,0,backward.MegatronColumnLinear.mlp_column,None,None,,0.0197759997099638,0,0,1
CommType.computation,None,None,0,backward.MegatronRowLinearmlp_row,None,None,,0.01196799986064434,0,0,1
CommType.computation,None,None,0,backward.MegatronRowLinearmlp_row,None,None,,0.012191999703645706,0,0,1
CommType.computation,None,None,0,backward.MegatronColumnLinear.attention_column,None,None,,0.01228800043463707,0,0,1
CommType.computation,None,None,0,backward.MegatronColumnLinear.attention_column,None,None,,0.012223999947309494,0,0,1
CommType.computation,None,None,0,backward.MegatronRowLinearattention_row,None,None,,0.012256000190973282,0,0,1
CommType.computation,None,None,0,backward.MegatronRowLinearattention_row,None,None,,0.01235199999064207,0,0,1
CommType.computation,None,None,0,backward.MegatronColumnLinear.mlp_column,None,None,,0.011872000060975552,0,0,1
CommType.computation,None,None,0,backward.MegatronColumnLinear.mlp_column,None,None,,0.011552000418305397,0,0,1
CommType.computation,None,None,0,backward.MegatronRowLinearmlp_row,None,None,,0.012575999833643436,0,0,1
CommType.computation,None,None,0,backward.MegatronRowLinearmlp_row,None,None,,0.012128000147640705,0,0,1
CommType.computation,None,None,0,backward.MegatronColumnLinear.attention_column,None,None,,0.011776000261306763,0,0,1
CommType.computation,None,None,0,backward.MegatronColumnLinear.attention_column,None,None,,0.01190400030463934,0,0,1
CommType.computation,None,None,0,backward.MegatronRowLinearattention_row,None,None,,0.012992000207304955,0,0,1
CommType.computation,None,None,0,backward.MegatronRowLinearattention_row,None,None,,0.011935999616980553,0,0,1
CommType.computation,None,None,0,backward.MegatronColumnLinear.mlp_column,None,None,,0.01235199999064207,0,0,1
CommType.computation,None,None,0,backward.MegatronColumnLinear.mlp_column,None,None,,0.012512000277638435,0,0,1
CommType.computation,None,None,0,backward.MegatronRowLinearmlp_row,None,None,,0.012000000104308128,0,0,1
CommType.computation,None,None,0,backward.MegatronRowLinearmlp_row,None,None,,0.012223999947309494,0,0,1
CommType.computation,None,None,0,backward.MegatronColumnLinear.attention_column,None,None,,0.011807999573647976,0,0,1
CommType.computation,None,None,0,backward.MegatronColumnLinear.attention_column,None,None,,0.01244799979031086,0,0,1
CommType.computation,None,None,0,backward.MegatronRowLinearattention_row,None,None,,0.012608000077307224,0,0,1
CommType.computation,None,None,0,backward.MegatronRowLinearattention_row,None,None,,0.012415999546647072,0,0,1
CommType.computation,None,None,0,backward.MegatronColumnLinear.mlp_column,None,None,,0.01244799979031086,0,0,1
CommType.computation,None,None,0,backward.MegatronColumnLinear.mlp_column,None,None,,0.011552000418305397,0,0,1
CommType.computation,None,None,0,backward.MegatronRowLinearmlp_row,None,None,,0.011680000461637974,0,0,1
CommType.computation,None,None,0,backward.MegatronRowLinearmlp_row,None,None,,0.012415999546647072,0,0,1
CommType.computation,None,None,0,backward.MegatronColumnLinear.attention_column,None,None,,0.012191999703645706,0,0,1
CommType.computation,None,None,0,backward.MegatronColumnLinear.attention_column,None,None,,0.012319999746978283,0,0,1
CommType.computation,None,None,0,backward.MegatronRowLinearattention_row,None,None,,0.011487999930977821,0,0,1
CommType.computation,None,None,0,backward.MegatronRowLinearattention_row,None,None,,0.01142400037497282,0,0,1
CommType.computation,None,None,0,backward.MegatronColumnLinear.mlp_column,None,None,,0.012480000033974648,0,0,1
CommType.computation,None,None,0,backward.MegatronColumnLinear.mlp_column,None,None,,0.011552000418305397,0,0,1
CommType.computation,None,None,0,backward.MegatronRowLinearmlp_row,None,None,,0.011680000461637974,0,0,1
CommType.computation,None,None,0,backward.MegatronRowLinearmlp_row,None,None,,0.01190400030463934,0,0,1
CommType.computation,None,None,0,backward.MegatronColumnLinear.attention_column,None,None,,0.01228800043463707,0,0,1
CommType.computation,None,None,0,backward.MegatronColumnLinear.attention_column,None,None,,0.012512000277638435,0,0,1
CommType.computation,None,None,0,backward.MegatronRowLinearattention_row,None,None,,0.012160000391304493,0,0,1
CommType.computation,None,None,0,backward.MegatronRowLinearattention_row,None,None,,0.012128000147640705,0,0,1
CommType.computation,None,None,0,backward.MegatronColumnLinear.mlp_column,None,None,,0.012384000234305859,0,0,1
CommType.computation,None,None,0,backward.MegatronColumnLinear.mlp_column,None,None,,0.011839999817311764,0,0,1
CommType.computation,None,None,0,backward.MegatronRowLinearmlp_row,None,None,,0.01913600042462349,0,0,1
CommType.computation,None,None,0,backward.MegatronRowLinearmlp_row,None,None,,0.012384000234305859,0,0,1
CommType.computation,None,None,0,backward.MegatronColumnLinear.attention_column,None,None,,0.012256000190973282,0,0,1
CommType.computation,None,None,0,backward.MegatronColumnLinear.attention_column,None,None,,0.012095999903976917,0,0,1
CommType.computation,None,None,0,backward.MegatronRowLinearattention_row,None,None,,0.012512000277638435,0,0,1
CommType.computation,None,None,0,backward.MegatronRowLinearattention_row,None,None,,0.012575999833643436,0,0,1
CommType.computation,None,None,0,backward.MegatronColumnLinear.mlp_column,None,None,,0.012000000104308128,0,0,1
CommType.computation,None,None,0,backward.MegatronColumnLinear.mlp_column,None,None,,0.011872000060975552,0,0,1
CommType.computation,None,None,0,backward.MegatronRowLinearmlp_row,None,None,,0.01206399966031313,0,0,1
CommType.computation,None,None,0,backward.MegatronRowLinearmlp_row,None,None,,0.011711999773979187,0,0,1
CommType.computation,None,None,0,backward.MegatronColumnLinear.attention_column,None,None,,0.011648000217974186,0,0,1
CommType.computation,None,None,0,backward.MegatronColumnLinear.attention_column,None,None,,0.012000000104308128,0,0,1
CommType.computation,None,None,0,backward.MegatronRowLinearattention_row,None,None,,0.011935999616980553,0,0,1
CommType.computation,None,None,0,backward.MegatronRowLinearattention_row,None,None,,0.01369599997997284,0,0,1
CommType.computation,None,None,0,backward.MegatronColumnLinear.mlp_column,None,None,,0.012384000234305859,0,0,1
CommType.computation,None,None,0,backward.MegatronColumnLinear.mlp_column,None,None,,0.027583999559283257,0,0,1
CommType.computation,None,None,0,backward.MegatronRowLinearmlp_row,None,None,,0.0144640002399683,0,0,1
CommType.computation,None,None,0,backward.MegatronRowLinearmlp_row,None,None,,0.012671999633312225,0,0,1
CommType.computation,None,None,0,backward.MegatronColumnLinear.attention_column,None,None,,0.012671999633312225,0,0,1
CommType.computation,None,None,0,backward.MegatronColumnLinear.attention_column,None,None,,0.01190400030463934,0,0,1
CommType.computation,None,None,0,backward.MegatronRowLinearattention_row,None,None,,0.01244799979031086,0,0,1
CommType.computation,None,None,0,backward.MegatronRowLinearattention_row,None,None,,0.011872000060975552,0,0,1
CommType.computation,None,None,0,backward.MegatronColumnLinear.mlp_column,None,None,,0.021247999742627144,0,0,1
CommType.computation,None,None,0,backward.MegatronColumnLinear.mlp_column,None,None,,0.012319999746978283,0,0,1
CommType.computation,None,None,0,backward.MegatronRowLinearmlp_row,None,None,,0.01190400030463934,0,0,1
CommType.computation,None,None,0,backward.MegatronRowLinearmlp_row,None,None,,0.012223999947309494,0,0,1
CommType.computation,None,None,0,backward.MegatronColumnLinear.attention_column,None,None,,0.011648000217974186,0,0,1
CommType.computation,None,None,0,backward.MegatronColumnLinear.attention_column,None,None,,0.012191999703645706,0,0,1
CommType.computation,None,None,0,backward.MegatronRowLinearattention_row,None,None,,0.011872000060975552,0,0,1
CommType.computation,None,None,0,backward.MegatronRowLinearattention_row,None,None,,0.011296000331640244,0,0,1
CommType.computation,None,None,0,backward.MegatronColumnLinear.mlp_column,None,None,,0.012223999947309494,0,0,1
CommType.computation,None,None,0,backward.MegatronColumnLinear.mlp_column,None,None,,0.011872000060975552,0,0,1
CommType.computation,None,None,0,backward.MegatronRowLinearmlp_row,None,None,,0.012000000104308128,0,0,1
CommType.computation,None,None,0,backward.MegatronRowLinearmlp_row,None,None,,0.011776000261306763,0,0,1
CommType.computation,None,None,0,backward.MegatronColumnLinear.attention_column,None,None,,0.01196799986064434,0,0,1
CommType.computation,None,None,0,backward.MegatronColumnLinear.attention_column,None,None,,0.017952000722289085,0,0,1
CommType.computation,None,None,0,backward.MegatronRowLinearattention_row,None,None,,0.012768000364303589,0,0,1
CommType.computation,None,None,0,backward.MegatronRowLinearattention_row,None,None,,0.011711999773979187,0,0,1
CommType.computation,None,None,0,backward.MegatronColumnLinear.mlp_column,None,None,,0.012223999947309494,0,0,1
CommType.computation,None,None,0,backward.MegatronColumnLinear.mlp_column,None,None,,0.01190400030463934,0,0,1
CommType.computation,None,None,0,backward.MegatronRowLinearmlp_row,None,None,,0.01206399966031313,0,0,1
CommType.computation,None,None,0,backward.MegatronRowLinearmlp_row,None,None,,0.012160000391304493,0,0,1
CommType.computation,None,None,0,backward.MegatronColumnLinear.attention_column,None,None,,0.01228800043463707,0,0,1
CommType.computation,None,None,0,backward.MegatronColumnLinear.attention_column,None,None,,0.012415999546647072,0,0,1
CommType.computation,None,None,0,backward.MegatronRowLinearattention_row,None,None,,0.011552000418305397,0,0,1
CommType.computation,None,None,0,backward.MegatronRowLinearattention_row,None,None,,0.011776000261306763,0,0,1
CommType.computation,None,None,0,backward.MegatronColumnLinear.mlp_column,None,None,,0.012703999876976013,0,0,1
CommType.computation,None,None,0,backward.MegatronColumnLinear.mlp_column,None,None,,0.012384000234305859,0,0,1
CommType.computation,None,None,0,backward.MegatronRowLinearmlp_row,None,None,,0.012415999546647072,0,0,1
CommType.computation,None,None,0,backward.MegatronRowLinearmlp_row,None,None,,0.011359999887645245,0,0,1
CommType.reduce_scatter,CommGroup.dp_group,1,2511929344,step,None,None,,0.2300799936056137,10167.84,0.0,1
CommType.all_gather,CommGroup.dp_group,1,1255964672,step,None,None,,0.09017600119113922,12971.39,0.0,1
CommType.all_reduce,CommGroup.tp_group,2,0,step._allreduce_layernorm_grads,None,None,,0.09011200070381165,0.0,0.0,1
CommType.all_reduce,CommGroup.tp_group,2,4,step.check_for_nan,None,None,,0.12137600034475327,0.0,0.0,1
CommType.epoch_end,None,None,0,,None,None,,371073.6343860626,0.0,0.0,1
